,0,0,0,0,"set(['Value 4', 'Value 0', 'Value 1', 'Value 2', 'Value 3'])"
0,0.754766482517,0.889933370627,0.772649387309,0.201898055945,0.256806758492
1,0.0804926603097,0.907818401785,0.886367724113,0.148960915152,0.671329921379
2,0.464237624612,0.362515119718,0.963639579078,0.616684091972,0.357694999445
3,0.812746967742,0.239215665896,0.264842572236,0.873329438621,0.523336504578
4,0.948271893079,0.691075710133,0.307498884216,0.00702233221209,0.887741628816
