,0,0,0,0,"set(['Value 4', 'Value 0', 'Value 1', 'Value 2', 'Value 3'])"
0,0.145225050169,0.148669368392,0.148007597164,0.837280589095,0.692240822681
1,0.641267079439,0.206745272621,0.841309049821,0.723888223654,0.37517397968
2,0.532637606358,0.805028870248,0.458091400196,0.250827341766,0.898760223183
3,0.643321936183,0.539441188365,0.9490808877,0.668161865486,0.333014563668
4,0.15156966801,0.89879209203,0.481931877323,0.272851473389,0.701418348331
