,0,0,0,0,"set(['Value 4', 'Value 0', 'Value 1', 'Value 2', 'Value 3'])"
0,0.907247072855,0.186422784881,0.962578368699,0.607221509312,0.949590622758
1,0.477307330712,0.251817507966,0.643503752055,0.403094785011,0.363799062973
2,0.567356023461,0.0335801498059,0.758040361695,0.265208783669,0.511329672935
3,0.722970248296,0.614672336104,0.519298098695,0.750979309144,0.27967823547
4,0.281097993305,0.331787112849,0.123305401148,0.587850209613,0.880353618657
