,ARIMA,GARCH
0,0.119922593236,0.120443753898
