,ARIMA,GARCH
0,0.0758077055216,0.0766744464636
