,Arima,GARCH
0,0.0758077055216,0.0766744464636
1,0.0758077055216,0.0766744464636
