,ARIMA,GARCH
0,0.10519939661,0.106028296053
