,ARIMA,GARCH
0,0.0872536301613,0.0882218778133
