,ARIMA,GARCH
0,0.115763142705,0.116916120052
