,ARIMA,GARCH
0,0.117522396147,0.118189185858
