,ARIMA,GARCH
0,0.105829976499,0.106696859002
