,ARIMA,GARCH
0,0.104402020574,0.105654388666
