,ARIMA,GARCH
0,0.118380717933,0.119649887085
