,ARIMA,GARCH
0,0.107607461512,0.108007520437
