,ARIMA,GARCH
0,0.0649761855602,0.0660033077002
