,ARIMA,GARCH
0,0.127827003598,0.12847083807
