,ARIMA,GARCH
0,0.117256075144,0.118046961725
